,gene_id,accession_numbers,protein_name,protein_sequence,chromosome_location
0,28579,X64467,delta-aminolevulinate dehydratase; porphobilinogen synthase,MQPQSVLHSGYFHPLLRAWQTATTTLNASNLIYPIFVTDVPDDIQPITSLPGVARYGVKRLEEMLRPLVEEGLRCVLIFGVPSRVPKDERGSAADSEESPAIEAIHLLRKTFPNLLVACDVCLCPYTSHGHCGLLSENGAFRAEESRQRLAEVALAYAKAGCQVVAPSDMMDGRVEAIKEALMAHGLGNRVSVMSYSAKFASCFYGPFRDAAKSSPAFGDRRCYQLPPGARGLALRAVDRDVREGADMLMVKPGMPYLDIVREVKDKHPDLPLAVYHVSGEFAMLWHGAQAGAFDLKAAVLEAMTAFRRAGADIIITYYTPQLLQWLKEE,X64467
1,32706,X58822,interferon-omega 1,MALLFPLLAALVMTSYSPVGSLGCDLPQNHGLLSRNTLVLLHQMRRISPFLCLKDRRDFRFPQEMVKGSQLQKAHVMSVLHEMLQQIFSLFHTERSSAAWNMTLLDQLHTGLHQQLQHLETCLLQVVGEGESAGAISSPALTLRRYFQGIRVYLKEKKYSDCAWEVVRMEIMKSLFLSTNMQERLRSKDRDLGSS,X58822
2,36147,X67309,ribosomal protein S6,MKLNISFPATGCQKLIEVDDERKLRTFYEKRMATEVAADALGEEWKGYVVRISGGNDKQGFPMKQGVLTHGRVRLLLSKGHSCYRPRRTGERKRKSVRGCIVDANLSVLNLVIVKKGEKDIPGLTDTTVPRRLGPKRASRIRKLFNLSKEDDVRQYVVRKPLNKEGKKPRTKAPKIQRLVTPRVLQHKRRRIALKKQRTKKNKEEAAEYAKLLAKRMKEAKEKRQEQIAKRRRLSSLRASTSKSESSQK,X67309
3,36646,S39832:X61923,ribosomal protein L7a,MPKGKKAKGKKVAPAPAVVKKQEAKKVVNPLFEKRPKNFGIGQDIQPKRDLTRFVKWPRYIRLQRQRAILYKRLKVPPAINQFTQALDRQTATQLLKLAHKYRPETKQEKKQRLLARAEKKAAGKGDVPTKRPPVLRAGVNTVTTLVENKKAQLVVIAHDVDPIELVVFLPALCRKMGVPYCIIKGKARLGRLVHRKTCTTVAFTQVNSEDKGALAKLVEAIRTNYNDRYDEIRRHWGGNVLGPKSVARIAKLEKAKAKELATKLG,X61923
4,178370,J04748:M31994,aldehyde dehydrogenase,MSSSGTPDLPVLLTDLKIQYTKIFINNEWHDSVSGKKFPVFNPATEEELCQVEEGDKEDVDKAVKAARQAFQIGSPWRTMDASERGRLLYKLADLIERDRLLLATMESMNGGKLYSNAYLNDLAGCIKTLRYCAGWADKIQGRTIPIDGNFFTYTRHEPIGVCGQIIPWNFPLVMLIWKIGPALSCGNTVVVKPAEQTPLTALHVASLIKEAGFPPGVVNIVPGYGPTAGAAISSHMDIDKVAFTGSTEVGKLIKEAAGKSNLKRVTLELGGKSPCIVLADADLDNAVEFAHHGVFYHQGQCCIAASRIFVEESIYDEFVRRSVERAKKYILGNPLTPGVTQGPQIDKEQYDKILDLIESGKKEGAKLECGGGPWGNKGYFVQPTVFSNVTDEMRIAKEEIFGPVQQIMKFKSLDDVIKRANNTFYGLSAGVFTKDIDKAITISSALQAGTVWVNCYGVVSAQCPFGGFKMSGNGRELGEYGFHEYTEVKTVTVKISQKNS,HUMALDC1
5,179701,M72430,C5,M,HUMC5GN
6,179952,L06426,cathepsin L,MNP,HUMCATHL
7,189769,M98538,prostaglandin D2 synthase,MATHHTLWMGLALLGVLGDLQAAPEAQVSVQPNFQQDKFLGRWFSAGLASNSSWLREKKAALSMCKSVVAPATDGGLNLTSTFLRKNQCETRTMLLQPAGSLGSYSYRSPHWGSTYSVSVVETDYDQYALLYSQGSKGPGEDFRMATLYSRTQTPRAELKEKFTAFCKAQGFTEDTIVFLPQTDKCMTEQ,HUMPDS02
8,189898,M31822,prostaglandin-endoperoxide synthase-1,MSRSLLLRFLLLLLLLPPLPVLLADPGAPTPVNPCCYYPCQHQGICVRFGLDRYQCDCTRTGYSGPNCTIPGLWTWLRNSLRPSPSFTHFLLTHGRWFWEFVNATFIREMLMLLVLTVRSNLIPSPPTYNSAHDYISWESFSNVSYYTRILPSVPKDCPTPMGTKGKKQLPDAQLLARRFLLRRKFIPDPQGTNLMFAFFAQHFTHQFFKTSGKMGPGFTKALGHGVDLGHIYGDNLERQYQLRLFKDGKLKYQVLDGEMYPPSVEEAPVLMHYPRGIPPQSQMAVGQEVFGLLPGLMLYATLWLREHNRVCDLLKAEHPTWGDEQLFQTTRLILIGETIKIVIEEYVQQLSGYFLQLKFDPELLFGVQFQYRNRIATEFNHLYHWHPLMPDSFKVGSQEYSYEQFLFNTSMLVDYGVEALVDAFSRQIAGRIGGGRNMDHHILHVAVDVIRESREMRLQPFNEYRKRFGMKPYTSFQELVGEKEMAAELEELYGDIDALEFYPGLLLEKCHPNSIFGESMIEIGAPFSLKGLLGNPICSPEYWKPSTFGGEVGFNIVKTATLKKLVCLNTKTCPYVSFRVPDASQDDGPAVERPSTEL,HUMPGEX1
9,297468,Z22663,NADH-ubiquinone oxidoreductase complex subunit B13,,Z22663
10,461388,L25280,type XV collagen,MAPRRNNGQCWCLLMLLSVSTPLPAVTQTRGATETASQGHLDLTQLIGVPLPSSVSFVTGYGGFPAYSFGPGANVGRPARTLIPSTFFRDFAISVVVKPSSTRGGVLFAITDAFQKVIYLGLRLSGVEDGHQRIILYYTEPGSHVSQEAAAFSVPVMTHRWNRFAMIVQGEEVTLLVNCEEHSRIPFQRSSQALAFESSAGIFMGNAGATGLERFTGSLQQLTVHPDPRTPEELCDPEESSASGETSGLQEADGVAEILEAVTYTQASPKEAKVEPINTPPTPSSPFEDMELSGEPVPEGTLETTNMSIIQHSSPKQGSGEILNDTLEGVHSVDGDPITDSGSGAGAFLDIAEEKNLAATAAGLAEVPISTAGEAEASSVPTGGPTLSMSTENPEEGVTPGPDNEERLRATAAGEAEALASMPGEVEASGVAPGELDLSMSAQSLGEEATVGPSSEDSLTTAAAATEVSLSTFEDEEASGVPTDGLAPLTATMAPERAVTSGPGDEEDLAAATTEEPLITAGGEESGSPPPDGPPLPLPTVAPERWITPAQREHVGMKGQAGPKGEKGDAGEELPGPPEPSGPVGPTAGAEAEGSGLGWGSDVGSGSGDLVGSEQLLRGPPGPPGPPGLPGIPGKPGTDVFMGPPGSPGEDGPAGEPGPPGPEGQPGVDGATGLPGMKGEKGARGPNGSVGEKGDPGNRGLPGPPGKKGQAGPPGVMGPPGPPGPPGPPGPGCTMGLGFEDTEGSGSTQLLNEPKLSRPTAAIGLKGEKGDRGPKGERGMDGASIVGPPGPRGPPGHIKVLSNSLINITHGFMNFSDIPELVGPPGPDGLPGLPGFPGPRGPKGDTGLPGFPGLKGEQGEKGEPGAILTEDIPLERLMGKKGEPGMHGAPGPMGPKGPPGHKGEFGLPGRPGRPGLNGLKGTKGDPGVIMQGPPGLPGPPGPPGPPGAVINIKGAIFPIPVRPHCKMPVDTAHPGSPELITFHGVKGEKGSWGLPGSKGEKGDQGAQGPPGPPLDLAYLRHFLNNLKGENGDKGFKGEKGEKGDINGSFLMSGPPGLPGNPGPAGQKGETVVGPQGPPGAPGLPGPPGFGRPGDPGPPGPPGPPGPPAILGAAVALPGPPGPPGQPGLPGSRNLLGELIPIPADSPPPPALSSNVTAFSNMDDMLQKAHLVIEGTFIYLRDSTEFFIRVRDGWKKLQPHQLLPPPNPISSANYEKPALHLAALNMPVSGDIRADFQCFKQARAAGLLSTYRAFLSSHLQDLSTIVRKAERYSLPIVNLKGQVLFNNWDSIFSGHGGQFNMHIPIYSFDGRDIMTDPSWPQKVIWHGSSPHGVRLVDNYCEAWRTADTAVTGLASPLSTGKILDQKAYSCANRLIVLCIENSFMTDARK,HSCOLXV2
11,505533,X72297,,,X72297
12,514262,U07561,unknown,MEMRLPVARKPLSERLGRDTKKHLVVPGDTITTDTGFMRGHGTYMGEEKLIASVAGSVERVNKLICVKALKTRYIGEVGDIVVGRITERRRSAEDELAMRGFLQEGDLISAEVQAVFSDGAVSLHTRSLKYGKLGQGVLVQVSPSLVKRQKTHFHDLPCGASVILGNNGFIWIYPTPEHKEEEAGGFIANLEPVSLADREVISRLRNCIISLVTQRMMLYDTSILYCYEASLPHQIKDILKPEIMEEIVMETRQRLLEQEG,HSABLGR1
13,514264,U07563,proto-oncogene tyrosine-protein kinase,MGQQPGKVLGDQRRPSLPALHFIKGAGKKESSRHGGPHCNVFVEHEALQRPVASDFEPQGLSEAARWNSKENLLAGPSENDPNLFVALYDFVASGDNTLSITKGEKLRVLGYNHNGEWCEAQTKNGQGWVPSNYITPVNSLEKHSWYHGPVSRNAAEYLLSSGINGSFLVRESESSPGQRSISLRYEGRVYHYRINTASDGKLYVSSESRFNTLAELVHHHSTVADGLITTLHYPAPKRNKPTVYGVSPNYDKWEMERTDITMKHKLGGGQYGEVYEGVWKKYSLTVAVKTLKEDTMEVEEFLKEAAVMKEIKHPNLVQLLGVCTREPPFYIITEFMTYGNLLDYLRECNRQEVNAVVLLYMATQISSAMEYLEKKNFIHRDLAARNCLVGENHLVKVADFGLSRLMTGDTYTAHAGAKFPIKWTAPESLAYNKFSIKSDVWAFGVLLWEIATYGMSPYPGIDLSQVYELLEKDYRMERPEGCPEKVYELMRACWQWNPSDRPSFAEIHQAFETMFQESSISDEVEKELGKQGVRGAVSTLLQAPELPTKTRTSRRAAEHRDTTDVPEMPHSKGQGESDPLDHEPAVSPLLPRKERGPPEGGLNEDERLLPKDKKTNLFSALIKKKKKTAPTPPKRSSSFREMDGQPERRGAGEEEGRDISNGALAFTPLDTADPAKSPKPSNGAGVPNGALRESGGSGFRSPHLWKKSSTLTSSRLATGEEEGGGSSSKRFLRSCSASCVPHGAKDTEWRSVTLPRDLQSTGRQFDSSTFGGHKSEKPALPRKRAGENRSDQVTRGTVTPPPRLVKKNEEAADEVFKDIMESSPGSSPPNLTPKPLRRQVTVAPASGLPHKEEAGKGSALGTPAAAEPVTPTSKAGSGAPGGTSKGPAEESRVRRHKHSSESPGRDKGKLSRLKPAPPPPPAASAGKAGGKPSQSPSQEAAGEAVLGAKTKATSLVDAVNSDAAKPSQPGEGLKKPVLPATPKPQSAKPSGTPISPAPVPSTLPSASSALAGDQPSSTAFIPLISTRVSLRKTRQPPERIASGAITKGVVLDSTEALCLAISRNSEQMASHSAVLEAGKNLYTFCVSYVDSIQQMRNKFAFREAINKLENNLRELQICPATAGSGPAATQDFSKLLSSVKEISDIVQR,HSABLGR3
14,514264,U07563,proto-oncogene tyrosine-protein kinase,MLEICLKLVGCKSKKGLSSSSSCYLEEALQRPVASDFEPQGLSEAARWNSKENLLAGPSENDPNLFVALYDFVASGDNTLSITKGEKLRVLGYNHNGEWCEAQTKNGQGWVPSNYITPVNSLEKHSWYHGPVSRNAAEYLLSSGINGSFLVRESESSPGQRSISLRYEGRVYHYRINTASDGKLYVSSESRFNTLAELVHHHSTVADGLITTLHYPAPKRNKPTVYGVSPNYDKWEMERTDITMKHKLGGGQYGEVYEGVWKKYSLTVAVKTLKEDTMEVEEFLKEAAVMKEIKHPNLVQLLGVCTREPPFYIITEFMTYGNLLDYLRECNRQEVNAVVLLYMATQISSAMEYLEKKNFIHRDLAARNCLVGENHLVKVADFGLSRLMTGDTYTAHAGAKFPIKWTAPESLAYNKFSIKSDVWAFGVLLWEIATYGMSPYPGIDLSQVYELLEKDYRMERPEGCPEKVYELMRACWQWNPSDRPSFAEIHQAFETMFQESSISDEVEKELGKQGVRGAVSTLLQAPELPTKTRTSRRAAEHRDTTDVPEMPHSKGQGESDPLDHEPAVSPLLPRKERGPPEGGLNEDERLLPKDKKTNLFSALIKKKKKTAPTPPKRSSSFREMDGQPERRGAGEEEGRDISNGALAFTPLDTADPAKSPKPSNGAGVPNGALRESGGSGFRSPHLWKKSSTLTSSRLATGEEEGGGSSSKRFLRSCSASCVPHGAKDTEWRSVTLPRDLQSTGRQFDSSTFGGHKSEKPALPRKRAGENRSDQVTRGTVTPPPRLVKKNEEAADEVFKDIMESSPGSSPPNLTPKPLRRQVTVAPASGLPHKEEAGKGSALGTPAAAEPVTPTSKAGSGAPGGTSKGPAEESRVRRHKHSSESPGRDKGKLSRLKPAPPPPPAASAGKAGGKPSQSPSQEAAGEAVLGAKTKATSLVDAVNSDAAKPSQPGEGLKKPVLPATPKPQSAKPSGTPISPAPVPSTLPSASSALAGDQPSSTAFIPLISTRVSLRKTRQPPERIASGAITKGVVLDSTEALCLAISRNSEQMASHSAVLEAGKNLYTFCVSYVDSIQQMRNKFAFREAINKLENNLRELQICPATAGSGPAATQDFSKLLSSVKEISDIVQR,HSABLGR3
15,533726,U12820,p16-INK4,MEPSADWLATAAARGRVEEVRALLEAGALPNAPNSYGRRPIQVMMMGSARVAELLLLHGAEPNCADPATLTRPVHDAAREGFLDTLVVLHRAGARLDVRDAWGRLPVDLAEELGHRDVARYLRAAAGGTRGSNHARIDAAEGPSDIPD,HSPCDK3
16,608654,L38025,ciliary neurotrophic factor alpha receptor,MAAPVPWACCAVLAAAAAVVYAQRHSPQEAPHVQYERLGSDVTLPCGTANWDAAVTWRVNGTDLAPDLLNGSQLVLHGLELGHSGLYACFHRDSWHLRHQVLLHVGLPPREPVLSCRSNTYPKGFYCSWHLPTPTYIPNTFNVTVLHGSKIMVCEKDPALKNRCHIRYMHLFSTIKYKVSISVSNALGHNATAITFDEFTIVKPDPPENVVARPVPSNPRRLEVTWQTPSTWPDPESFPLKFFLRYRPLILDQWQHVELSDGTAHTITDAYAGKEYIIQVAAKDNEIGTWSDWSVAAHATPWTEEPRHLTTEAQAAETTTSTTSSLAPPPTTKICDPGELGSGGGPSAPFLVSVPITLALAAAAATASSLLI,HUMCNFAR
17,625082,U19369,,,HSHSP27P
18,732765,X84746,histo-blood group A transferase,MAEVLRTLAGKPKCHALRPMILFLIMLVLVLFGYGVLSPRSLMPGSLERGFCMAVREPDHLQRVSLPRMVYPQPKVLTPCRKDVLVVTPWLAPIVWEGTFNIDILNEQFRLQNTTIGLTVFAIKKYVAFLKLFLETAEKHFMVGHRVHYYVFTDQLAAVPRVTLGTGRQLSVLEVRAYKRWQDVSMRRMEMISDFCERRFLSEVDYLVCVDVDMEFRDHVGVEILTPLFGTLHPGFYGSSREAFTYERRPQSQAYIPKDEGDFYYLGGFFGGSVQEVQRLTRACHQAMMVDQANGIEAVWHDESHLNKYLLRHKPTKVLSPEYLWDQQLLGWPAVLRKLRFTAVPKNHQAVRNP,X84746
19,903595,U28322,Krueppel-type zinc finger protein,IDGFRDVAVAFTQKEWKLLSSAQRTLYREVMLENYSHLVSL,AH003141
20,903596,U28251,Krueppel-type zinc finger protein,IPAKFSPPGAFSSSQLLRQYALSGHPTQIFPSSSAGGDFQLEAPRCSSEKGESGETEGPDSSLRKRPSRISRTFFSPHQGDPVEWVEGNREGGTDLRLAQRMSLGGSDTMLKGADTSESGAVIRGNYRLGLSKKSSLFSHQKHHVCPECGRGFCQRSDLIKHQRTHTGEKPYLCPECGRRFSQKAPSPIHQRKHSGEKPYVCRECGRHFRYTSSLTNHKRIHSGERPFVCQECGRGFRQKIALLLHQRTHLEEKPFVCLSVGEALQKASLLQHQSSHTGERPFLSLECGRTFRQQSLLLSHQVTHSGEKPYVCAECGHSFRQKVTLIRHQRTHTGEKPYLCPQCGRGFSQKVTLIGHQRTHTGEKPYLCPDCGRGFGQNGTLIRHQRTHTGEKPYLCPKCGRAFGFKSLLTRHQRTHSEEELYVDRVCGQGLGQKSHLISDQRTHSGEKPCICDECGRGFGFKSALIRHQRTHSGEKPYVCRECGRGFSQKSHLHRHRRTKSGHHLLPQEVF,AH003141
21,974836,X86428,phosphotyrosyl phosphatase activator,MAEGERQPPPDSSEEAPPATQNFIIPKKEIHTVPDMGKWKRSQAYADYIGFILTLNEGVKGKKLTFEYRVSEAIEKLLALLNTLDRWIDETPPVDQPSRFGNKAYRTWYAKLDEEAENLVATVVPTHLAAAVPEVAVYLKESVGNSTRIDYGTGHEAAFAAFLCCLCKIGVLRVDDQIAIVFKVFNRYLEVMRKLQKTYRMEPAGSQGVWGLDDFQFLPFIWGSSQLIDHPYLEPRHFVDEKAVNENHKDYMFLECILFITMKTGPFAEHSNQLWNISAVPSWSKVNQGLIRMYKAECLEKFPVIQHFKFGSLLPIHPVTSG,X86428
22,974836,X86428,phosphotyrosyl phosphatase activator,MAEGERQPPPDSSEEAPPATQNFIIPKKEIHTVPDMGKWKRSQAYADYIGFILTLNEGVKGKKLTFEYRVSEMWNEVHEEKEQAAKQSVSCDECIPLPRAGHCAPSEAIEKLLALLNTLDRWIDETPPVDQPSRFGNKAYRTWYAKLDEEAENLVATVVPTHLAAAVPEVAVYLKESVGNSTRIDYGTGHEAAFAAFLCCLCKIGVLRVDDQIAIVFKVFNRYLEVMRKLQKTYRMEPAGSQGVWGLDDFQFLPFIWGSSQLIDHPYLEPRHFVDEKAVNENHKDYMFLECILFITMKTGPFAEHSNQLWNISAVPSWSKVNQGLIRMYKAECLEKFPVIQHFKFGSLLPIHPVTSG,X86428
23,974836,X86428,phosphotyrosyl phosphatase activator,MAEGERQPPPDSSEEAPPATQNFIIPKKEIHTVPDMGKWKRSQAIEKLLALLNTLDRWIDETPPVDQPSRFGNKAYRTWYAKLDEEAENLVATVVPTHLAAAVPEVAVYLKESVGNSTRIDYGTGHEAAFAAFLCCLCKIGVLRVDDQIAIVFKVFNRYLEVMRKLQKTYRMEPAGSQGVWGLDDFQFLPFIWGSSQLIDHPYLEPRHFVDEKAVNENHKDYMFLECILFITMKTGPFAEHSNQLWNISAVPSWSKVNQGLIRMYKAECLEKFPVIQHFKFGSLLPIHPVTSG,X86428
24,974836,X86428,phosphotyrosyl phosphatase activator,MAEGERQPPPDSSEEAPPATQNFIIPKKEIHTVPDMGKWKRSQAYADYIGFILTLNEGVKGKKLTFEYRVSEEAENLVATVVPTHLAAAVPEVAVYLKESVGNSTRIDYGTGHEAAFAAFLCCLCKIGVLRVDDQIAIVFKVFNRYLEVMRKLQKTYRMEPAGSQGVWGLDDFQFLPFIWGSSQLIDHPYLEPRHFVDEKAVNENHKDYMFLECILFITMKTGPFAEHSNQLWNISAVPSWSKVNQGLIRMYKAECLEKFPVIQHFKFGSLLPIHPVTSG,X86428
25,975334,U32323,interleukin-11 receptor alpha chain,MSSSCSGLSRVLVAVATALVSASSPCPQAWGPPGVQYGQPGRSVKLCCPGVTAGDPVSWFRDGEPKLLQGPDSGLGHELVLAQADSTDEGTYICQTLDGALGGTVTLQLGYPPARPVVSCQAADYENFSCTWSPSQISGLPTRYLTSYRKKTVLGADSQRRSPSTGPWPCPQDPLGAARCVVHGAEFWSQYRINVTEVNPLGASTRLLDVSLQSILRPDPPQGLRVESVPGYPRRLRASWTYPASWPCQPHFLLKFRLQYRPAQHPAWSTVEPAGLEEVITDAVAGLPHAVRVSARDFLDAGTWSTWSPEAWGTPSTGTIPKEIPAWGQLHTQPEVEPQVDSPAPPRPSLQPHPRLLDHRDSVEQVAVLASLGILSFLGLVAGALALGLWLRLRRGGKDGSPKPGFLASVIPVDRRPGAPNL,HSU32323
26,1000076,U21931,"fructose-1,6-biphosphatase",MADQAPFDTDVNTLTRFVMEEGRKARGTGELTQLLNSLCTAVKAISSAVRKAGIAHLYGIAGSTNVTGDQVKKLDVLSNDLVMNMLKSSFATCVLVSEEDKHAIIVEPEKRGKYVVCFDPLDGSSNIDCLVSVGTIFGIYRKKSTDEPSEKDALQPGRNLVAAGYALYGSATMLVLAMDCGVNCFMLDPAIGEFILVDKDVKIKKKGKIYSLNEGYAKDFDPAVTEYIQRKKFPQIIQLLMGPGMWAPWWLMFIALWSTEGYFCTPLTRRAPMERLRLLYECNPMAYVMEKAGGMATTGKEAVLDVIPTDIHQRAPVILGSPDDVLEFLKVYEKHSAQ,HSLFBPS7
27,1022903,U38236,phosducin-like protein,PKGVINDWRRFKQLETEQREEQCREMERLIKKLSMTCRSHLDEEEEQQKQKDLQEKISGK,HSU38236
28,1103840,U33931,band 7.2b stomatin,MAEKRHTRDSEAQRLPDSFKGWSPXSPDHSPSKGLGPCGWILVAFSFLFTVITFPISIWMCIKIIKEYERAIIFRLGRILQGGAKGPGLFFILPCTDSFIKVDMRTISFDIPPQEILTKDSVTISVDGVVYYRVQNATLAVANITNADSATRLLAQTTLRNVLGTKNLSQILSDREEIAHNMQSTLDDATDAWGIKVERVEIKDVKLPVQLQRAMAAEAEASREARAKVIAAEGEMNASRALKEASMVITESPAALQLRYLQTLTTIAAEKNSTIVFPLPIDMLQGIIGAKHSHLG,HSSTOMAT
29,1161561,X85116,band 7 integral membrane protein,MAEKRHTRDSEAQRLPDSFKDSPSKGLGPCGWILVAFSFLFTVITFPISIWMCIKIIKEYERAIIFRLGRILQGGAKGPGLFFILPCTDSFIKVDMRTISFDIPPQEILTKDSVTISVDGVVYYRVQNATLAVANITNADSATRLLAQTTLRNVLGTKNLSQILSDREEIAHNMQSTLDDATDAWGIKVERVEIKDVKLPVQLQRAMAAEAEASREARAKVIAAEGEMNASRALKEASMVITESPAALQLRYLQTLTTIAAEKNSTIVFPLPIDMLQGIIGAKHSHLG,X85116
30,1218021,U43752,frataxin,MWTLGRRAVAGLLASPSPAQAQTLTRVPRPAELAPLCGRRGLRTDIDATCTPRRASSNQRGLNQIWNVKKQSVYLMNLRKSGTLGHPGSLDETTYERLAEETLDSLAEFFEDLADKPYTFEDYDVSFGSGVLTVKLGGDLGTYVINKQTPNKQIWLSSPSSGPKRYDWTGKNWVFSHDGVSLHELLAAELTKALKTKLDLSWLAYSGKDA,AH003505
31,1218022,U43753,frataxin,MWTLGRRAVAGLLASPSPAQAQTLTRVPRPAELAPLCGRRGLRTDIDATCTPRRASSNQRGLNQIWNVKKQSVYLMNLRKSGTLGHPGSLDETTYERLAEETLDSLAEFFEDLADKPYTFEDYDVSFGSGVLTVKLGGDLGTYVINKQTPNKQIWLSSPSRLTWLLWLFHP,AH003505
32,1369839,L49170,OCP2,NKEKQTDDIPVWDQEFLKVAQGTLFELILAANYLDIKGLLDVTCKTV,HUMOCP2F
33,1483508,X94154,,MEPAAGSSMEPSADWLATAA,X94154
34,1616662,U56835,B-cell specific transcription factor,MDLEKNYPTPRTSRT,HSU56835
35,1616664,U56836,B-cell specific transcription factor,MEIHCKHDPFASMH,HSU56836
36,1617483,U60871,STM-7,NSPLNMALNLSPSQAGLRQR,HSU60871
37,1753104,U66580,putative G protein-coupled receptor,MNSTLDGNQSSHPFCLLAFGYLETVNFCLLEVLIIVFLTVLIISGNIIVIFVFHCAPLLNHHTTSYFIQTMAYADLFVGVSCVVPSLSLLHHPLPVEESLTCQIFGFVVSVLKSVSMASLACISIDRYIAITKPLTYNTLVTPWRLRLCIFLIWLYSTLVFLPSFFHWGKPGYHGDVFQWCAESWHTDSYFTLFIVMMLYAPAALIVCFTYFNIFRICQQHTKDISERQARFSSQSGETGEVQACPDKRYAMVLFRITSVFYILWLPYIIYFLLESSTGHSNRFASFLTTWLAISNSFCNCVIYSLSNSVFQRGLKRLSGAMCTSCASQTTANDPYTVRSKGPLNGCHI,HSU66580
38,1783207,D82835,glycosyltransferase,ACHQAMMVDQANGIEAVWHDESHLNKYLLRHKPTKVLSPEYLWDQQLLGWPAVLRKLRFTAVPKNHQAVRNRER,D82835
39,1783211,D82837,glycosyltransferase,YVAFLKLFLETAEKHFMVGHRVHYYVFTDQPAAVPRVTLGTGRQLSVLEVRAYKRWQDVSMRRMEMISDFCERRFLSEVDYLVCVDVDMEFRDHVGVEILTPLFGTLHPGFYGSSREAFTYERRPQSQAYIPKDEGDFYYLGGFFGGSVQEVQRLTRACHQAMMVDQANGIEAVWHDESHLNKYLLRHKPTKVLSPEYLWDQQLLGWPAVLRKLRFTAVPKNHQAVGNP,D82837
40,1783213,D82838,glycosyltransferase,FMVGHRVHYYVFTDQPAAVPRVTLGTGRQLSVLEVRAYKRWQDVSMRRMEMISDFCERRFLSEVDYLVCVDVDMEIRDHVGVEILTPLFGTLHPGFYGSSREAFTYERRPQSQAYIPKDEGDFYYLGGFFGGSVQEVQRLTRACHQAMMVDQANGIEAVW,D82838
41,1783215,D82839,glycosyltransferase,RQLSVLEVRAYKRWQDVSMRRMEMISDFCERRFLSEVDYLVCVDVDMEFRDHVGVEILTPLFGTLHPGFYGSSREAFTYERRPQSQAYIPKDEGDFYYLGGVLRGVGARGAAAHQGLPPGHDGRPGQRHR,D82839
42,1783217,D82840,glycosyltransferase,EKHFMVGHRVHYYVFTDQLAAVPRVTLGTGRQLSVLEVRAYKRWQDVSMRRMEMISDFCERRFLSEVDYLVCVDVDMEIRDHVGVEILTPLFGTLHPGFYGSSREAFTYERRPQSQAYIPKGEGDFYYLGGFFGGSVQEVQRLTRACHQAMMVDQANGI,D82840
43,1783225,D82844,glycosyltransferase,QLAAVPRVTLGTGRQLSVLEVRAYKRWQDVSMRRMEMISDFCERRFLSEVDYLVCVDVDMEFRDHVGVEILTPLFGTLHPGFYGSSREAFTYERRPQSQAYIPKDEGDFYYLGAFFGGSVQEVQRLTRACHQAMMVDQAN,D82844
44,1783227,D82845,glycosyltransferase,RQLSVLEVGAYKRWQDVSMRRMEMISDFCERRFLSEVDYLVCVDVDMEFRDHVGVEILTPLFGTLHPSFYGSSREAFTYERRPQSQAYIPKDEGDFYYLGGFFGGSVQEMQRLTRACHQAMMVDQANGIEA,D82845
45,1809330,U76666,N-type calcium channel alpha1B subunit,MVRFGDELGGRYGGPGGGERARGGGAGGAGGPGPGGLQPGQRVLYKQSIAQRARTMALYNPIPVKQNCFTVNRSLFVFSEDNVVRKYAKRITEW,HSU76666
46,2138072,U52387,STM7,MSSAAENGEAAPGKQNEEKTYKKTASSAIKGAIQLGIGYTVGNLTSKPERDVLMQDFYVVESVFLPSEGSNLTPAHHYPDFRFKTYAPLAFRYFRELFGIKPDDYLYSICSEPLIELSNPGASGSLFFVTSDDEFIIKTVQHKEAEFLQKLLPGYYMNLNQNPRTLLPKFYGLYCMQSGGINIRIVVMNNVLPRSMRMHFTYDLKGSTYKRRASRKEREKSNPTFKDLDFLQDMHEGLYFDTETYNALMKTLQRDCRVLESFKIMDYSLLLGIHFLDHSLKEKEEETPQNVPDAKRTGMQKVLYSTAMESIQGPGKSGDGIITENPDTMGGIPAKSHRGEKLLLFMGIIDILQSYRLMKKLEHSWKALVYDGDTVSVHRPSFYADRFLKFMNSRVFKKIQALKASPSKKRCNSITALKATSQEIVSSISQEWKDEKRDLLTEGQSFSSLDEEALGSRHRPDLVPSTPSLFEAASLATTISSSSLYVNEHYPHDRPTLYSNSKGLPSSSTFTLEEGTIYLTAEPNTLEVQDDNASVLDVYL,HSSTMVII
47,2266655,Y13751,frataxin,SLDETTYERLAEETLDSLAEFFEDLADKPYTFEYYDVSFG,Y13751
48,2351795,U91640,survival motor neuron,,HSU91640
49,2352625,AF006673,histo-blood group protein,YVAFLKLFLETAEKHFMVGHRVHYYVFTDQPAAVPRVTLGTGRQLSVLEVRAYKRWQDVSMRRMEMISDFCERRFLSEVDYLVCVDVDMEIRDHVGVEILTPLFGTLHPGFYGSSREAFTYERRPQSQAYIPKDEGDFYYLGGFFGGSVQEMQRLTRACHQAMMVDQANGIEAVWHDESHLNKYLLRHKPTKVLSPEYLWDQQLLGWPAVLRKLRFTAVPKNHQAVRNP,AF006673
50,2564750,AF029308,mesotrypsinogen,MNPFLILAFVGAAVAVPFDDDDKIVGGYTCEENSLPYQVSLNSGSHFCGGSLISEQWVVSAAHCYKTRIQVRLGEHNIKVLEGNEQFINAAKIIRHPKYNRDTLDNDIMLIKLSSPAVINARVSTISLPTAPPAAGTECLISGWGNTLSFGADYPDELKCLDAPVLTQAECKASYPGKITNSMFCVGFLEGGKDSCQRDSGGPVVCNGQLQGVVSWGHGCAWKNRPGVYTKVYNYVDWIKDTIAANS,HTCRBCHR
51,2599067,AF028240,frataxin,SLDETTYERLAEETLDSLAEFFEDLADKPYTFEYYDVSFG,AF028240
52,2623548,AF016622,alpha-3-galactosyltransferase,RKDVLVVTPWLAPIVWEGTFNIDILNEQFRLQNTTIGLTVFAIKKYVAFLKLFLETAEKHFMVGHRVHYYVFTDQPAAVPRVTLGTGRQLSVLEVGAYKRWQDVSMRRMEMISDFCERRFLSEVDYLVCVDVDMEFRDHVGVEILTPLFGTLHPSFYGSSREAFTYERRPQSQAYIPKDEGDFYYMGAFFGGSVQEVQRLTRACHQAMMVDQANGIEAVWHDESHLNKYLLRHKPTKVLSPEYLWDQQLLGWPAVLRKLRFTAVPKNHQAVRNP,AF016622
53,2623550,AF016623,truncated alpha-3-galactosyltransferase,RKDVLVVPLGWLPLSGRARSTSTSSTSSSGSRTPPLG,AF016623
54,2623552,AF016624,alpha-3-galactosyltransferase,RKDVLVVTPWLAPIVWEGTFNIDILNEQFRLQNTTIGLTVFAIKKYVAFLKLFLETAEKHFMVGHRVHYYVFTDQPAAVPRVTLGTGRQLSVLEVRAYKRWQDVSMRRMEMISDFCERRFLSEVDYLVCVDVDMEIRDHVGVEILTPLFGTLHPGFYGSSREAFTYERRPQSQAYIPKDEGDFYYLGGFFGGSVQEMQRLTRACHQAMMVDQANGIEAVWHDESHLNKYLLRHKPTKVLSPEYLWDQQLLGWPAVLRKLRFTAVPKNHQAVRNP,AF016624
55,2623554,AF016625,alpha-3-galactosyltransferase,RKDVLVVTPWLAPIVWEGTFNIDILNEQFRLQNTTIGLTVFAIKKYVAFLKLFLETAEKHFMVGHRVHYYVFTDQPAAVPRVTLGTGRQLSVLEVRAYKRWQDVSMRRMEMISDFCERRFLSEVDYLVCVDVDMEIRDHVGVEILTPLFGTLHPGFYGSSREAFTYERRPQSQAYIPKDEGDFYYLGGFFGGSVQEMQRLTRACHQAMMVDQANGIEAVWHDESHLNKYLLRHKPTKVLSPEYLWDQQLLGWPAVLRKLRFTAVPKNHQAVRNP,AF016625
56,2696501,AB009589,Osteomodulin,MGFLSPIYVIFFFFGVKVHCQYETYQWDEDYDQEPDDDYQTGFPFRQNVDYGVPFHQYTLGCVSECFCPTNFPSSMYCDNRKLKTIPNIPMHIQQLYLQFNEIEAVTANSFINATHLKEINLSHNKIKSQKIDYGVFAKLPNLLQLHLEHNNLEEFPFPLPKSLERLLLGYNEISKLQTNAMDGLVNLTMLDLCYNYLHDSLLKDKIFAKMEKLMQLNLCSNRLESMPPGLPSSLMYLSLENNSISSIPEKYFDKLPKLHTLRMSHNKLQDIPYNIFNLPNIVELSVGHNKLKQAFYIPRNLEHLYLQNNEIEKMNLTVMCPSIDPLHYHHLTYIRVDQNKLKEPISSYIFFCFPHIHTIYYGEQRSTNGQTIQLKTQVFRRFPDDDDESEDHDDPDNAHESPEQEGAEGHFDLHYYENQE,AB009589
57,2735661,AF001295,tyrosinase related protein 1,MSAPKLLSLGCIFFPLLLFQQARAQFPRQCATVEALRSGMCCPDLSPVSGPGTDRCGSSSGRGRCEAVTADSRPHSPQYPHDGRDDREVWPLRFFNRTCHCNGNFSGHNCGTCRPGWRGAACDQRVLIVRRNLLDLSKEEKNHFVRALDMAKRTTHPLFVIATRRSEEILGPDGNTPQFENISIYNYFVWTHYYSVKKTFLGVGQESFGEVDFSHEGPAFLTWHRYHLLRLEKDMQEMLQEPSFSLPYWNFATGKNVCDICTDDLMGSRSNFDSTLISPNSVFSQWRVVCDSLEDYDTLGTLCNSTEDGPIRRNPAGNVARPMVQRLPEPQDVAQCLEVGLFDTPPFYSNSTNSFRNTVEGYSDPTGKYDPAVRSLHNLAHLFLNGTGGQTHLSPNDPIFVLLHTFTDAVFDEWLRRYNADISTFPLENAPIGHNRQYNMVPFWPPVTNTEMFVTAPDNLGYTYEIQWPSREFSVPEIIAIAVVGALLLVALIFGTASYLIRARRSMDEANQPLLTDQYQCYAEEYEKLQNPNQSVV,AF001295
58,2745950,U19759,NFX.1,FRSNIPCHLVDISCGLPCSATLPCGMHKCQRLSHKGECLVDEPCKQPCTTPRADCGHPCMAPCHTSSPCPVTACKAKVVELQCECGRRKEMVICSEASSTYQRLVIAAISMASKITDMQLGGSVEISKLITKKEVHQARLECDEECSALERK,HSU19759
59,2815512,AF006384:U97600,CD30L protein,MDPGLQQALNGMAPPGDTAMHVPAGSVASHLGTTSRSYFYLTTATLALCLVFTVATIMVLVVQRTDSIPNSPDNVPLKGGNCSEDLLCILKRAPFKKSWAYLQVAKHLNKTKLSWNKDGILHGVRYQDGNLVIQFPGLYFIICQLQFLVQCPNNSVDLKXELLINKHIKKQXLVTVCESGMQTKHVYQNLSQFLLDYLQVNTTISVNVDTXQYIDTSTFPLENVLSIFLXSNSD,HSCD30L4
60,2914738,AF001977,type I sigma receptor,MQWAVGRRWAWAALLLAVAAVLTQVVWLWLGTQSFVFQREEIAQLARQYAGLDHELAFSRLIVELRRLHPGHVLPDEELQWVFVNAGGWMGAMCLLHASLSEYVLLFGTALGSRGHSGRYWAEISDTIISGTFHQWREGTTKSEVFYPGETVVHGPGEATAVEWGPNTWMVEYGRGVIPSTLAFALADTVFSTQDFLTLFYTLRSYARGLRLELTTYLFGQDP,HSTIRG3
61,2984582,AC004472,TERA_HUMAN,MASGADSKGDDLSTAILKQKNRPNRLIVDEAINEDNSVVSLSQPKMDELQLFRGDTVLLKGKKRREAVCIVLSDDTCSDEKIRMNRVVRNNLRVRLGDVISIQPCPDVKYGKRIHVLPIDDTVEGITGNLFEVYLKPYFLEAYRPIRKGDIFLVRGGMRAVEFKVVETDPSPYCIVAPDTVIHCEGEPIKREDEEESLNEVGYDDIGGCRKQLAQIKEMVELPLRHPALFKAIGVKPPRGILLYGPPGTGKTLIARAVANETGAFFFLINGPEIMSKLAGESESNLRKAFEEAEKNAPAIIFIDELDAIAPKREKTHGEVERRIVSQLLTLMDGLKQRAHVIVMAATNRPNSIDPALRRFGRFDREVDIGIPDATGRLEILQIHTKNMKLADDVDLEQVANETHGHVGADLAALCSEAALQAIRKKMDLIDLEDETIDAEVMNSLAVTMDDFRWALSQSNPSALRETVVEVPQVTWEDIGGLEDVKRELQELVQYPVEHPDKFLKFGMTPSKGVLFYGPPGCGKTLLAKAIANECQANFISIKGPELLTMWFGESEANVREIFDKARQAAPCVLFFDELDSIAKARGGNIGDGGGAADRVINQILTEMDGMSTKKNVFIIGATNRPDIIDPAILRPGRLDQLIYIPLPDEKSRVAILKANLRKSPVAKDVDLEFLAKMTNGFSGADLTEICQRACKLAIRESIESEIRRERERQTNPSAMEVEEDDPVPEIRRDHFEEAMRFARRSVSDNDIRKYEMFAQTLQQSRGFGSFRFPSGNQGGAGPSQGSGGGTGGSVYTEDNDDDLYG,AC004472
62,2984582,AC004472,XRCC9,MSRQTTSVGSSCLDLWREKNDRLVRQAKVAQNSGLTLRRQQLAQDALEGLRGLLHSLQGLPAAVPVLPLELTVTCNFIILRASLAQGFTEDQAQDIQRSLERVLETQEQQGPRLEQGLRELWDSVLRASCLLPELLSALHRLVGLQAALWLSADRLGDLALLLETLNGSQSGASKDLLLLLKTWSPPAEELDAPLTLQDAQGLKDVLLTAFAYRQGLQELITGNPDKALSSLHEAASGLCPRPVLVQVYTALGSCHRKMGNPQRALLYLVAALKEGSAWGPPLLEASRLYQQLGDTTAELESLELLVEALNVPCSSKAPQFLIEVELLLPPPDLASPLHCGTQSQTKHILASRCLQTGRAGDAAEHYLDLLALLLDSSEPRFSPPPSPPGPCMPEVFLEAAVALIQAGRAQDALTLCEELLSRTSSLLPKMSRLWEDARKGTKELPYCPLWVSATHLLQGQAWVQLGAQKVAISEFSRCLELLFRATPEEKEQGAAFNCEQGCKSDAALQQLRAAALISRGLEWVASGQDTKALQDFLLSVQMCPGNRDTYFHLLQTLKRLDRRDEATALWWRLEAQTKGSHEDALWSLPLYLESYLSWIRPSDRDAFLEEFRTSLPKSCDL,AC004472
63,2984582,AC004472,P1.11659_3,MQKASVLLFLAWVCFLFYAGIALFTSGFLLTRLELTNHSSCQEPPGPGSLPWGSQGKPGACWMASRFSRVVLVLIDALRFDFAQPQHSHRILEIQPHHARLYRSQVDPPTTTMQRLKALTTGSLPTFIDAGSNFASHAIVEDNLIKQLTSAGRRVVFMGDDTWKDLFPGAFSKAFFFPSFNVRDLDTVDNGILEHLYPTMDSGEWDVLIAHFLGVDHCGHKHGPHHPEMAKKLSQMDQVIQGLVERLENDTLLVVAGDHGMTTNGDHGGDSELEVSAALFLYSPTAVFPSTPPEEPEVIPQVSLVPTLALLLGLPIPFGNIGEVMAELFSGGEDSQPHSSALAQASALHLNAQQVSRFLHTYSAATQDLQAKELHQLQNLFSKASADYQWLLQSPKGAEATLPTVIAELQQFLRGARAMCIESWARFSLVRMAGAKNLWYGACVAALVALLAAVRLWLRRYGNLKSPEPPMLFVRWGLPLMALGTAAYWALASGADEAPPRLRVLVSGASMVLPRAVAGLAASGLALLLWKPVTVLVKAGAGAPRTRTVLTPFSGPPTSQADLDYVVPQIYRHMQEEFRGRLERTKSQGPLTVAAYQLGSVYSAAMVTALTLLAFPLLLLHAERISLVFLLLFLQSFLLLHLLAAGIPVTTPGKYLSSDSLKDNSDVSSAPLVFKEVLLLMFLSLTEGPMPHTTRKVFLVSSLLPAIAKQIDPSCWFPGFMERRDKESSKTPCPFTVPWQAVSAWALMATQTFYSTGHQPVFPAIHWHAAFVGFPEGHGSCTWLPALLVGANTFASHLLFAVGCPLLLLWPFLCESQGLRKRQQPPGNEADARVRPEEEEEPLMEMRLRDAPQHFYAALLQLGLKYLFILGSYLRLWASL,AC004472
64,2984582,AC004472,P1.11659_4,MRGSLLASGRAPRRASSGLPRNTVVLFVPQQEAWVVERMGRFHRILEPGLNILIPVLDRIRYVQSLKEIVINVPEQSAVTLDNVTLQIDGVLYLRIMDPYKASYGVEDPEYAVTQLAQTTMRSELGKLSLDKVFRERESLNASIVDAINQAADCWGIRCLRYEIKDIHVPPRVKESMQMQVGAKEGWEKGLRAPVEAERRKRATVLESEGTRESAINVAEGKKQAQILASEAEKAEQINQAAGEASAVLAKAKAKAEAIRILAAALTQHNGDAAASLTVAEQYVSAFSKLAKDSNTILLPSNPGDVTSMVAQAMGVYGALTKAPVPGTPDSLSSGSSRDVQGTDASLDEELDRVKMS,AC004472
65,2984582,AC004472,P1.11659_5,DPTDCGPMGRRLKGARRLKLSPLRSLRKGPGLLSPPSASPVPTPAVSRTLLGNFEESLLRGRFAPSGHIEGFTAEIGASGSYCPQHTVVKMFLVTFDFSDMPAAHMTFLRHRLFLVPVGEEGNANPTHRLLCYLLHLRFRSSRSGRLSLHGDIRLLFSRRSLELDTGLPYELQAVTEAPHNPRYSPLP,AC004472
66,3003036,AF054598,TGF-beta type I receptor,MEAAVAAPRPRLLLLVLAAAAAAAAALLPGATALQCFCHLCTKDNFTCVTDGLCFVSVTETTDKVIHNSMCIAEIDLIPRDRPFVCAPSSKTGSVTTTYCCNQDHCNKIELPTTVKSSPGLGPVELAAVIAGPVCFVCISLMLMVYICHNRTVIHHRVPNEEDPSLDRPFISEGTTLKDLIYDMTTSGSGSGLPLLVQRTIARTIVLQESIGKGRFGEVWRGKWRGEEVAVKIFSSREERSWFREAEIYQTVMLRHENILGFIAADNKDNGTWTQLWLVSDYHEHGSLFDYLNRYTVTVEGMIKLALSTASGLAHLHMEIVGTQGKPAIAHRDLKSKNILVKKNGTCCIADLGLAVRHDSATDTIDIAPNHRVGTKRYMAPEVLDDSINMKHFESFKRADIYAMGLVFWEIARRCSIGGIHEDYQLPYYDLVPSDPSVEEMRKVVCEQKLRPNIPNRWQSCEALRVMAKIMRECWYANGAARLTALRIKKTLSQLSQQEGIKM,HSTGFBR1
67,3115219,AJ001597,cAMP-dependent protein kinase gamma isoform,MGNAPAKKDTEQEESVNEFLAKARGDFLYRWGNPAQNTASSDQFERLRTLGMGSFGRVMLVRHQETGGHYAMKILNKQKVVKMKQVEHILNEKRILQAIDFPFLVKLQFSFKDNSYLYLVMEYVPGGEMFSRLQRVGRFSEPHACFYAAQVVLAVQYLHSLDLIHRDLKPENLLIDQQGYLQVTDFGFAKRVKGRTWTLCGTPEYLAPEIILSKGYNKAVDWWALGVLIYEMAVGFPPFYADQPIQIYEKIVSGRVRFPSKLSSDLKHLLRSLLQVDLTKRFGNLRNGVGDIKNHKWFATTSWIAIYEKKVEAPFIPKYTGPGDASNFDDYEEEELRISINEKCAKEFSEF,AJ001597
68,3123606,Y17213,,M,Y17213
69,3123607,Y17214,,GGVSMDEKKKEW,Y17214
70,3123607,Y17214,,PG,Y17214
71,3320603,AF072711,carboxyl ester lipase,MLTMGRLQLVVLGLTCCWAVASAAKLGAVYTEGGFVEGVNKKLGLLGDSVDIFKGIPFAAPTKALENPQPHPGWQGTLKAKNFKKRCLQATITQDSTYGDEDCLYLNIWVPQGRKQVSRDLPVMIWIYGGAFLMGSGHGANFLNNYLYDGEEIATRGNVIVVTFNYRVGPLGFLSTGDANLPGNYGLRDQHMAIAWVKRNIAAFGGDPNNITLFGESAGGASVSLQTLSPYNKGLIRRAISQSGVALSPWVIQKNPLFWAKKVAEKVGCPVGDAARMAQCLKVTDPRALTLAYKVPLAGLEYPMLHYVGFVPVIDGDFIPADPINLYANAADIDYIAGTNNMDGHIFASIDMPAINKGNKKVTEEDFYKLVSEFTITKGLRGAKTTFDVYTESWAQDPSQENKKKTVVDFETDVLFLVPTEIALAQHRANAKSAKTYAYLFSHPSRMPVYPKWVGADHADDIQYVFGKPFATPTGYRPQDRTVSKAMIAYWTNFAKTGDPNMGDSAVPTHWEPYTTENSGYLEITKKMGSSSMKRSLRTNFLRYWTLTYLALPTVTDQEATPVPPTGDSEATPVPPTGDSETAPVPPTGDSGAPPVPPTGDSGAPPVPPTGDSGAPPVPPTGDSGAPPVPPTGDSGAPPVPPTGDSGAPPVPPTGDSGAPPVPPTGDAGPPPVPPTGDSGAPPVPPTGDSGAPPVTPTGDSETAPVPPTGDSGAPPVPPTGDSEAAPVPPTDDSKEAQMPAVIRF,AF072711
72,3320603,AF072711,,,AF072711
73,3335522,AF059575,LIM homeodomain protein,MLDGIKMEEHALRPGPATLGVLLGSDCPHPAVCEGCQRPISDRFLMRVNESSWHEECLQCAACQQALTTSCYFRDRKLYCKQDYQQLFAAKCSGCMEKIAPTEFVMRALECVYHLGCFCCCVCERQLRKGDEFVLKEGQLLCKGDYEKEKDLLSSVSPDESDSVKSEDEDGDMKPAKGQGSQSKGSGDDGKDPRRPKRPRTILTTQQRRAFKASFEVSSKPCRKVRETLAAETGLSVRVVQVWFQNQRAKMKKLARRHQQQQEQQNSQRLGQEVLSSRMEGMMASYTPLAPPQQQIVAMEQSPYGSSDPFQQGLTPPQMPGDHMNPYGNDSIFHDIDSDTSLTSLSDCFLGSSDVGSLQARVGNPIDRLYSMQSSYFAS,HSLMX1B4
74,3342099,AF074911,neuronal and epithelial glutamate transporter,MGKPARKGCEWKRFLKNNWVLLSTVAAVVLGITTGVLVREHSNLSTLEKFYFAFPGEILMRMLKLIILPLIISSMITGVAALDSNVSGKIGLRVVVYYFCTTLIAVILGIVLVVSIKPGVTQKVGEIARTGSTPEVSTVDAMLDLIRNMFPENLVQACFQQYKTKREEVKPPSDPEMNMTEESFTAVMTTAISKNKTKEYKIVGMYSDGINVLGLIVFCLVFGLVIGKMGEKGQILVDFFNALSDATMKIVQIIMCYMPLGILFLIAGKIIEVEDWEIFRKLGLYMATVLTGLAIHSIVILPLIYFIVVRKNPFRFAMGMAQALLTALMISSSSATLPVTFRCAEENNQVDKRITRFVLPVGATINMDGTALYEAVAAVFIAQLNDLDLGIGQIITISITATSASIGAAGVPQAGLVTMVIVLSAVGLPAEDVTLIIAVDWLLDRFRTMVNVLGDAFGTGIVEKLSKKELEQMDVSSEVNIVNPFALESTILDNEDSDTKKSYVNGGFAVDKSDTISFTQTSQF,HOMOSLC1
75,3392889,U37439:U37440,endoglin,MDRGTLPLAVALLLASCSLSPTSLAETVHCDLQPVGPERGEVTYTTSQVSKGCVAQAPNAILEVHVLFLEFPTGPSQLELTLQASKQNGTWPREVLLVLSVNSSVFLHLQALGIPLHLAYNSSLVTFQEPPGVNTTELPSFPKTQILEWAAERGPITSAAELNDPQSILLRLGQAQGSLSFCMLEASQDMGRTLEWRPRTPALVRGCHLEGVAGHKEAHILRVLPGHSAGPRTVTVKVELSCAPGDLDAVLILQGPPYVSWLIDANHNMQIWTTGEYSFKIFPEKNIRGFKLPDTPQGLLGEARMLNASIVASFVELPLASIVSLHASSCGGRLQTSPAPIQTTPPKDTCSPELLMSLIQTKCADDAMTLVLKKELVAHLKCTITGLTFWDPSCEAEDRGDKFVLRSAYSSCGMQVSASMISNEAVVNILSSSSPQRKKVHCLNMDSLSFQLGLYLSPHFLQASNTIEPGQQSFVQVRVSPSVSEFLLQLDSCHLDLGPEGGTVELIQGRAAKGNCVSLLSPSPEGDPRFSFLLHFYTVPIPKTGTLSCTVALRPKTGSQDQEVHRTVFMRLNIISPDLSGCTSKGLVLPAVLGITFGAFLIGALLTAALWYIYSHTRSPSKREPVVAVAAPASSESSSTNHSIGSTQSTPCSTSSMA,HENDOGLN
76,3421125,Y11834,interferon alpha 2,MALTFALLVALLVLSCKSSCSVGCDLPQTHSLGSRRTLMLLAQMRRISLFSCLKDRHDFGFPQEEFGNQFQKAETIPVLHEMIQQIFNLFSTKDSSAAWDETLLDKFYTELYQQLNDLEACVIQGVGVTETPLMKEDSILAVRKYFQRITLYLKEKKYSPCAWEVVRAEIMRSFSLSTNLQESLRSKE,Y11834
77,3445289,Y17212,,GLSAATSYLWFKKFLRGTPGV,Y17212
78,3445289,Y17212,,,Y17212
79,3452260,AF035753,endoglin,MDRGTLPLAVALLLASCSLSPT,AF035753
80,3668065,AF062072:AF062073,zinc finger protein 216,MAQETNQTPGPMLCSTGCGFYGNPRTNGMCSVCYKEHLQRQQNSGRMSPMGTASGSNSPTSDSASVQRADTSLNNCEGAAGSTSEKSRNVPVAALPVTQQMTEMSISREDKITTPKTEVSEPVVTQPSPSVSQPSTSQSEEKAPELPKPKKNRCFMCRKKVGLTGFDCRCGNLFCGLHRYSDKHNCPYDYKAEAAAKIRKENPVVVAEKIQRI,AF062072
81,3806083,AF074913,transcription factor Pax-5,MEIHCKHDPFASMH,AF074913
82,3868932,AB014887,alpha1-acid glycoprotein,GGQEHFAHLLILRDTKTYMLAFDVNDEKNWGLSM,AB014887
83,3869128,AB019534,cathepsin L2,MNLSLVLAAFCLGIASAVPKFDQNLDTKWYQWKATHRRLYGANEEGWRRAVWEKNMKMIELHNGEYSQGKHGFTMAMNAFGDMTNEEFRQMMGCFRNQKFRKGKVFREPLFLDLPKSVDWRKKGYVTPVKNQKQCGSCWAFSATGALEGQMFRKTGKLVSLSEQNLVDCSRPQGNQGCNGGFMARAFQYVKENGGLDSEESYPYVAVDEICKYRPENSVANDTGFTVVAPGKEKALMKAVATVGPISVAMDAGHSSFQFYKSGIYFEPDCSSKNLDHGVLVVGYGFEGANSNNSKYWLVKNSWGPEWGSNGYVKIAKDKNNHCGIATAASYPNV,AB019534
84,3916247,AF083324,phosducin-like protein,MTTLDDKLLGEKLQYYYSSSEDEDSDHEDKDRGRCAPASSSVPAEAELAGEGISVNT,HSPDCL1
85,3916248,AF083325,phosducin-like protein,MTLKEFAIMNEDQDDEEFLQQYRKQRMEEMRQQLHKGPQFKQVFEISSGEGFLDMIDKEQKSIVIMVHIYEDGIPGTEAMNGCMICLAAEYPAVKFCKVKSSVIGASSQFTRNALPALLIYKGGELIGNFVRVTDQLGDDFFAVDL,HSPDCL2
86,3925422,AF084382,inversin protein,MNKSENLLFAGSSLASQVHAAAVNGDKGALQRLIVGNSALKDKEDQFGRTPLMYCVLADRLDCADALLKAGADVNKTDHSQRTALHLAAQKGNYRFMKLLLTRRANWMQKDLEEMTPLHLTTRHRSPKCLALLLKFMAPGEVDTQDKNKQTALHWSAYYNNPEHVKLLIKHDSNIGIPDVEGKIPLHWAANHKDPSAVHTVRCILDAAPTESLLNWQDYEGRTPLHFAVADGNVTVVDVLTSYESCNITSYDNLFRTPLHWAALLGHAQIVHLLLERNKSGTIPSDSQGATPLHYAAQSNFAETVKVFLKHPSVKDDSDLEGRTSFMWAAGKGSDDVLRTMLSLKSDIDINMADKYGGTALHAAALSGHVSTVKLLLENNAQVDATDVMKHTPLFRACEMGHKDVIQTLIKGGARVDLVDQDGHSLLHWAALGGNADVCQILIENKINPNVQDYAGRTPLQCAAYGGYINCMAVLMENNADPNIQDKEGRTALHWSCNNGYLDAIKLLLDFAAFPNQMENNEERYTPLDYALLGERHEVIQFMLEHGALSIAAIQDIAAFKIQAVYKGYKVRKAFRDRKNLLMKHEQLRKDAAAKKREEENKRKEAEQQKGRRSPDSCRPQALPCLPSTQDVPSRQSRAPSKQPPAGNVAQGPEPRDSRGSPGGSLGGALQKEQHVSSDLQGTNSRRPNETAREHSKGQSACVHFRPNEGSDGSRHPGVPSVEKSRGETAGDERCAKGKGFVKQPSCIRVAGPDEKGEDSRRAGASLPPHDSHWKPSRRHDTEPKAKCAPQKRRTQELRGGRCSPAGSSRPGSARGEAVHAGQNPPHHRTPRNKVTQAKLTGGLYSHLPQSTEELRSGARRLETSTLSEDFQVSKETDPAPGPLSGQSVNIDLLPVELRLQIIQRERRRKELFRKKNKAAAVIQRAWRSYQLRKHLSHLRHMKQLGAGDVDRWRQESTALLLQVWRKELELKFPQTTAVSKAPKSPSKGTSGTKSTKHSVLKQIYGCSHEGKIHHPTRSVKASSVLRLNSVSNLQCIHLLENSGRSKNFSYNLQSATQPKNKTKP,HSANKL9Q
87,3925422,AF084382,inversin protein alternative isoform,MNKSENLLFAGSSLASQVHAAAVNGDKGALQRLIVGNSALKDKEDQFGRTPLMYCVLADRLDCADALLKAGADVNKTDHSQRTALHLAAQKGNYRFMKLLLTRRANWMQKDLEEMTPLHLTTRHRSPKCLALLLKFMAPGEVDTQDKNKQTALHWSAYYNNPEHVKLLIKHDSNIGIPDVEGKIPLHWAANHKDPSAVHTVRCILDAAPTESLLNWQDYEGRTPLHFAVADGNVTVVDVLTSYESCNITSYDNLFRTPLHWAALLGHAQIVHLLLERNKSGTIPSDSQGATPLHYAAQSNFAETVKVFLKHPSVKDDSDLEGRTSFMWAAGKGSDDVLRTMLSLKSDIDINMADKYGGTALHAAALSGHVSTVKLLLENNAQVDATDVMKHTPLFRACEMGHKDVIQTLIKGGARVDLVDQDGHSLLHWAALGGNADVCQILIENKINPNVQDYAGRTPLQCAAYGGYINCMAVLMENNADPNIQDKEGRTALHWSCNNGYLDAIKLLLDFAAFPNQMENNEERYTPLDYALLGERHEVIQFMLEHGALSIAAIQDIAAFKIQAVYKGYKVRKAFRDRKNLLMKHEQLRKDAAAKKREEENKRKEAEQQKGRRSPDSCRPQALPCLPSTQDVPSRQSRAPSKQPPAGNVAQGPEPRDSRGSPGGSLGGALQKEQHVSSDLQGTNSRRPNETAREHSKGQSACVHFRPNEGSDGSRHPGVPSVEKSRELRLQIIQRERRRKELFRKKNKAAAVIQRAWRSYQLRKHLSHLRHMKQLGAGDVDRWRQESTALLLQVWRKELELKFPQTTAVSKAPKSPSKGTSGTKSTKHSVLKQIYGCSHEGKIHHPTRSVKASSVLRLNSVSNLQCIHLLENSGRSKNFSYNLQSATQPKNKTKP,HSANKL9Q
88,4091880,AF062486,glycosyltransferase,EILTPLFGTLHPGFYGSSREAFTYERRPQSQAYIPKDEGDFYYLGGFFGGSVQEVQRLTRACHQAMMVDQANGI,AF062486
89,4100061,U93172,,,HSU93172
90,4100062,U93173,frataxin,GPKRYDWTGKNWVYSHDGVSLHELLAAELTKALKTKLDLSSLAYSGKDA,HSU93173
91,4100064,U93174,frataxin,MWTLGRRAVAGLLASPSPAQAQTLTRVPRPAELAPLCGRRGLRTDIDATCTPRRAVSIRAGNSRGPHA,HSU93174
92,4100066,U93175,frataxin,MWTLGRRAVAGLLASPSPAQAQTLTRVPRPAELAPLCGRRGLRTDIDATCTPRRAVSIRAGNSRGPHA,HSU93175
93,4104445,AF035670,transforming growth factor-beta type I receptor,MEAAVAAPRPRLLLLVLAAAAAAAAALLPGATALQCFCHLCTKDNFTCVTDGLCFVSVTETTDKVIHNSMCIAEIDLIPRDRPFVCAPSSKTGSVTTTYCCNQDHCNKIELPTTVKSSPGLGPVELAAVIAGPVCFVCISLMLMVYICHNRTVIHHRVPNEEDPSLDRPFISEGTTLKDLIYDMTTSGSGSGLPLLVQRTIARTIVLQESIGKGRFGEVWRGKWRGEEVAVKIFSSREERSWFREAEIYQTVMLRHENILGFIAADNKDNGTWTQLWLVSDYHEHGSLFDYLNRYTVTVEGMIKLALSTASGLAHLHMEIVGTQGKPAIAHRDLKSKNILVKKNGTCCIADLGLAVRHDSATDTIDIAPNHRVGTKRYMAPEVLDDSINMKHFESFKRADIYAMGLVFWEIARRCSIGGIHEDYQLPYYDLVPSDPSVEEMRKVVCEQKLRPNIPNRWQSCEALRVMAKIMRECWYANGAARLTALRIKKTLSQLSQQEGIKM,HSTGFRBI
94,4105243,AF044170,cyclin-dependent kinase inhibitor 2A,MEPAAGSSMEPSADWLATAAARGRVEEVRALLEAGA,AF044170
95,4406153,AF090189,cerberus-related protein,MHLLLFQLLVLLPLGKTTRHQDGRQNQSSLSPVLLPRNQRELPTGNHEEAEEKPDLFVAVPHLVATSPAGEGQRQREKMLSRFGRFWKKPEREMHPSRDSDSEPFPPGTQSLIQPIDGMKMEKSPLREEAKKFWHHFMFRKTPASQGVILPIKSHEVHWETCRTVPFSQTITHEGCEKVVVQNNLCFGKCGSVHFPGAAQHSHTSCSHCLPAKFTTMHLPLNCTELSSVIKVVMLVEECQCKVKTEHEDGHILHAGSQDSFIPGVSA,AF090189
96,4530274,AF104935,prorelaxin H2 precursor,MPRLFFFHLLGVCLL,AF104935
97,4530286,AF104934,prorelaxin H1 precursor,MPRLFLFHLLE,AF104934
98,4557179,AF109138,outer dense fiber of sperm tails 2,DSERLMEQQGALLKRLAEADSEKA,AF109138
99,4590494,AF134436,,,HABOO1G2
100,4590497,AF134438,,,HABOO2G2
101,4887166,AF140745,sarcosine dehydrogenase,MASLSRALRVAAAHPRQSPTRGMGPCNLSSAAGPTAEKSVPYQRTLKEGQGTSVVAQGPSRPLPSTANVVVIGGGSLGCQTLYHLAKLGMSGAVLLERERLTSGTTWHTAGLLWQLRPSDVEVELLAHTRRVVSRELEEETGLHTGWIQNGGLFIASNRQRLDEYKRLMSLGKAYGVESHVLSPAETKTLYPLMNVDDLYGTLYVPHDGTMDPAGTCTTLARAASARGAQVIENCPVTGIRVWTDDFGVRRVAGVETQHGSIQTPCVVNCAGVWASAVGRMAGVKVPLVAMHHAYVVTERIEGIQNMPNVRDHDASVYLRLQGDALSVGGYEANPIFWEEVSDKFAFGLFDLDWEVFTQHIEGAINRVPVLEKTGIKSTVCGPESFTPDHKPLMGEAPELRGFFLGCGFNSAGMMLGGGCGQELAHWIIHGRPEKDMHGYDIRRFHHSLTDHPRWIRERSHESYAKNYSVVFPHDEPLAGRNMRRDPLHEELLGQGCVFQERHGWERPGWFHPRGPAPVLEYDYYGAYGSRAHEDYAYRRLLADEYTFAFPPHHDTIKKECLACRGAAAVFDMSYFGKFYLVGLDARKAADWLFSADVSRPPGSTVYTCMLNHXGGTESDLTVSRLAPSHQASPLAPAFEGDGYYLAXGGAVAQHNWSHITTVLQDQKSQCQLIDSSEDLGMISIQGPASRAILQEVLDADLSNEAFPFSTHKLLRAAGHLVRAMRLSFVGELGWELHIPKASCVPVYRAVMAAGAKHGLINAGYRAIDSLSIEKGYRHWHADLRPDDSPLEAGLAFTCKLKSPVPFLGREALEQQRAAGLRRRLVCFTMEDKVPMFGLEAIWRNGQVVGHVRRADFGFAIDKTIAYGYIHDPSGGPVSLDFVKSGDYALERMGVTYGAQAHLKSPFDPNNKRVKGIY,HSHADE21
102,5002576,Y17447,cysteine conjugate beta-lyase,RKMPDLPGAVDEPYDRRFVKWMIKNK,Y17447
103,5002578,Y17448,cysteine conjugate beta-lyase,GLVAIPVSIFYSVPHQKHFDHYIRFCFVKDEATLQAMDEKLRKWKVEL,Y17448
104,5002580,Y17450,EST00098 protein,EYAAINSMVDQINSCLDHLEEKNDHLHARLQELLESNRQTRLEFQQQLGEAPSDASP,Y17450
105,5002582,Y17452,LSFR1 protein,EFQDHMSEPQHQQRLGEIQHMSQACLLSLLPVPRDVLETED,Y17452
106,5002584,Y17453,LSFR1 protein,EPPPRRWCNTCQLYYMGDLIQHRRTQDHKIAKQSLRPFCTVCNRYFKTPLKFVEHVKSQGHKDKAKELKSLEKEIAGQDEDHFITVDAVGCFEGDEEEEEDDEDEEEIEVEEELCKQ,Y17453
107,5002586,Y17454,LSFR1 protein,VRSRDISREEWKGSETYSPNTAYGVDFLVPVMGYICRICHKFYHSNSGAQLSHCKSLGHFENLQKYKAAKNPSPTTRPVSRRCAINARNALTALFTSSGRPPSQPNTQDKTPSXVTARPSQPXLPRRSTRLKT,Y17454
108,5002588,Y17455,LSFR2 protein,PVSEFFLIRDTSLIPNVLWFEYTVTRAEA,Y17455
109,5002590,Y17456,LSFR2 protein,NRQRKLGTKLQ,Y17456
110,5002592,Y17457,LSFR3A protein,ILCIHLKRFRHEVMYSFKINSHVSFPLEGLDLRPFLAKECTSQITTYDLLSVICHHGTAGSGHYIAYCQNVINGQWYEFDDQYVTEVHETVVQNAEGYVLFYRKSSEEAMRERQQVVSLAAMREPSLLRFYVSREWLNKFNTFAEPGPITNQTFLCSHGGIPPHKYHYIDDLVVILPQNVWEHLYNRFGGGPAVNQLYVCSICQVEIEALAKRMRIEIDTFIK,Y17457
111,5002594,Y17458,LSFR3A protein,LNKAFQAEESPGVIYCISMQWFREWEAFVKGKDN,Y17458
